-- phpMyAdmin SQL Dump
-- version 5.2.0
-- https://www.phpmyadmin.net/
--
-- Máy chủ: 127.0.0.1
-- Thời gian đã tạo: Th10 27, 2022 lúc 02:59 PM
-- Phiên bản máy phục vụ: 10.4.24-MariaDB
-- Phiên bản PHP: 7.4.29

SET SQL_MODE = "NO_AUTO_VALUE_ON_ZERO";
START TRANSACTION;
SET time_zone = "+00:00";


/*!40101 SET @OLD_CHARACTER_SET_CLIENT=@@CHARACTER_SET_CLIENT */;
/*!40101 SET @OLD_CHARACTER_SET_RESULTS=@@CHARACTER_SET_RESULTS */;
/*!40101 SET @OLD_COLLATION_CONNECTION=@@COLLATION_CONNECTION */;
/*!40101 SET NAMES utf8mb4 */;

--
-- Cơ sở dữ liệu: `project-beeta-store`
--

-- --------------------------------------------------------

--
-- Cấu trúc bảng cho bảng `banner`
--

CREATE TABLE `banner` (
  `id` int(11) NOT NULL,
  `tieu_de` varchar(255) NOT NULL,
  `hinh` varchar(255) NOT NULL,
  `url` varchar(255) NOT NULL
) ENGINE=InnoDB DEFAULT CHARSET=utf8mb4;

-- --------------------------------------------------------

--
-- Cấu trúc bảng cho bảng `binh_luan`
--

CREATE TABLE `binh_luan` (
  `id_bl` int(11) NOT NULL,
  `noi_dung` varchar(250) NOT NULL,
  `id_nd` int(11) NOT NULL,
  `id_sp` int(11) NOT NULL,
  `ngay_bl` varchar(30) NOT NULL
) ENGINE=InnoDB DEFAULT CHARSET=utf8mb4;

-- --------------------------------------------------------

--
-- Cấu trúc bảng cho bảng `ct_hoa_don`
--

CREATE TABLE `ct_hoa_don` (
  `id_hd` varchar(5) NOT NULL,
  `id_sp` varchar(6) NOT NULL,
  `so_luong` int(11) NOT NULL,
  `don_gia` int(11) NOT NULL,
  `stt` int(11) NOT NULL
) ENGINE=InnoDB DEFAULT CHARSET=utf8mb4;

--
-- Đang đổ dữ liệu cho bảng `ct_hoa_don`
--

INSERT INTO `ct_hoa_don` (`id_hd`, `id_sp`, `so_luong`, `don_gia`, `stt`) VALUES
('8', '1', 0, 500000, 1),
('9', '1', 3, 500000, 2),
('10', '1', 3, 500000, 3),
('10', '12', 3, 230000, 4),
('11', '1', 3, 500000, 5),
('11', '12', 3, 230000, 6),
('11', '12', 5, 230000, 7),
('12', '6', 3, 560000, 8),
('13', '12', 3, 230000, 9),
('14', '1', 5, 500000, 10),
('15', '12', 5, 230000, 11),
('15', '6', 1, 560000, 12),
('16', '6', 1, 560000, 13),
('17', '6', 1, 560000, 14),
('18', '6', 1, 560000, 15),
('19', '6', 1, 560000, 16),
('20', '6', 1, 560000, 17),
('21', '6', 1, 560000, 18),
('22', '6', 1, 560000, 19),
('23', '6', 1, 560000, 20),
('24', '6', 1, 560000, 21),
('25', '6', 1, 560000, 22),
('26', '6', 1, 560000, 23),
('27', '6', 1, 560000, 24),
('28', '6', 1, 560000, 25),
('29', '6', 1, 560000, 26),
('30', '6', 1, 560000, 27),
('31', '6', 1, 560000, 28),
('32', '6', 1, 560000, 29),
('32', '12', 1, 230000, 30),
('33', '6', 2, 560000, 31),
('34', '43', 28880, 0, 32),
('40', '6', 1, 560000, 33),
('41', '6', 1, 560000, 34),
('42', '6', 1, 560000, 35),
('43', '42', 38000, 0, 36),
('44', '6', 1, 560000, 37),
('45', '6', 1, 560000, 38),
('46', '6', 1, 560000, 39),
('47', '6', 1, 560000, 40),
('48', '6', 1, 560000, 41),
('49', '6', 1, 560000, 42),
('50', '6', 1, 560000, 43),
('51', '6', 1, 560000, 44),
('52', '6', 1, 560000, 45),
('53', '6', 1, 560000, 46),
('54', '6', 1, 560000, 47),
('55', '6', 1, 560000, 48),
('56', '6', 1, 560000, 49),
('57', '6', 1, 560000, 50),
('58', '6', 1, 560000, 51),
('59', '6', 1, 560000, 52),
('60', '6', 1, 560000, 53),
('61', '6', 1, 560000, 54),
('62', '6', 1, 560000, 55),
('63', '6', 1, 560000, 56),
('64', '6', 1, 560000, 57),
('65', '6', 1, 560000, 58),
('66', '6', 1, 560000, 59),
('67', '6', 1, 560000, 60),
('68', '6', 1, 560000, 61),
('69', '6', 1, 560000, 62),
('70', '6', 1, 560000, 63),
('70', '1', 1, 500000, 64),
('71', '6', 1, 560000, 65),
('71', '1', 1, 500000, 66),
('72', '6', 1, 560000, 67),
('72', '1', 1, 500000, 68),
('73', '6', 1, 560000, 69),
('73', '1', 1, 500000, 70),
('74', '6', 1, 560000, 71),
('74', '1', 1, 500000, 72),
('75', '6', 1, 560000, 73),
('75', '1', 1, 500000, 74),
('76', '6', 1, 560000, 75),
('76', '1', 1, 500000, 76),
('77', '6', 1, 560000, 77),
('77', '1', 1, 500000, 78),
('78', '6', 1, 560000, 79),
('78', '1', 1, 500000, 80),
('79', '6', 1, 560000, 81),
('79', '1', 1, 500000, 82),
('80', '6', 1, 560000, 83),
('80', '1', 1, 500000, 84),
('81', '6', 1, 560000, 85),
('81', '1', 1, 500000, 86),
('82', '6', 1, 560000, 87),
('82', '1', 1, 500000, 88),
('83', '6', 1, 560000, 89),
('83', '1', 1, 500000, 90),
('84', '6', 1, 560000, 91),
('84', '1', 1, 500000, 92),
('85', '6', 1, 560000, 93),
('85', '1', 1, 500000, 94),
('86', '6', 1, 560000, 95),
('86', '1', 1, 500000, 96),
('87', '6', 1, 560000, 97),
('87', '1', 1, 500000, 98),
('88', '6', 1, 560000, 99),
('88', '1', 1, 500000, 100),
('89', '6', 1, 560000, 101),
('89', '1', 1, 500000, 102),
('90', '6', 1, 560000, 103),
('90', '1', 1, 500000, 104),
('91', '6', 1, 560000, 105),
('91', '1', 1, 500000, 106),
('92', '6', 1, 560000, 107),
('92', '1', 1, 500000, 108),
('93', '6', 1, 560000, 109),
('93', '1', 1, 500000, 110),
('94', '6', 1, 560000, 111),
('94', '1', 1, 500000, 112),
('95', '6', 1, 560000, 113),
('95', '1', 1, 500000, 114),
('96', '6', 1, 560000, 115),
('96', '1', 1, 500000, 116),
('97', '6', 1, 560000, 117),
('97', '1', 1, 500000, 118),
('98', '6', 1, 560000, 119),
('98', '1', 1, 500000, 120),
('99', '6', 1, 560000, 121),
('99', '1', 1, 500000, 122),
('100', '6', 1, 560000, 123),
('100', '1', 1, 500000, 124),
('101', '6', 1, 560000, 125),
('101', '1', 1, 500000, 126),
('102', '6', 1, 560000, 127),
('102', '1', 1, 500000, 128),
('103', '6', 1, 560000, 129),
('103', '1', 1, 500000, 130),
('104', '6', 1, 560000, 131),
('104', '1', 1, 500000, 132),
('105', '6', 1, 560000, 133),
('105', '1', 1, 500000, 134),
('106', '6', 1, 560000, 135),
('106', '1', 1, 500000, 136),
('107', '6', 1, 560000, 137),
('107', '1', 1, 500000, 138),
('108', '6', 1, 560000, 139),
('108', '1', 1, 500000, 140),
('109', '6', 1, 560000, 141),
('109', '1', 1, 500000, 142),
('110', '6', 1, 560000, 143),
('110', '1', 1, 500000, 144),
('111', '6', 1, 560000, 145),
('111', '1', 1, 500000, 146),
('112', '6', 1, 560000, 147),
('112', '1', 1, 500000, 148),
('113', '6', 1, 560000, 149),
('113', '1', 1, 500000, 150),
('114', '6', 1, 560000, 151),
('114', '1', 1, 500000, 152),
('115', '6', 1, 560000, 153),
('115', '1', 1, 500000, 154),
('116', '6', 1, 560000, 155),
('116', '1', 1, 500000, 156),
('117', '6', 1, 560000, 157),
('117', '1', 1, 500000, 158),
('118', '6', 1, 560000, 159),
('118', '1', 1, 500000, 160),
('119', '6', 1, 560000, 161),
('119', '1', 1, 500000, 162),
('120', '6', 1, 560000, 163),
('120', '1', 1, 500000, 164),
('121', '6', 1, 560000, 165),
('121', '1', 1, 500000, 166),
('122', '6', 1, 560000, 167),
('122', '1', 1, 500000, 168),
('123', '6', 1, 560000, 169),
('123', '1', 1, 500000, 170),
('124', '6', 1, 560000, 171),
('124', '1', 1, 500000, 172),
('125', '6', 1, 560000, 173),
('125', '1', 1, 500000, 174),
('126', '6', 1, 560000, 175),
('126', '1', 1, 500000, 176),
('127', '6', 1, 560000, 177),
('127', '1', 1, 500000, 178),
('128', '6', 1, 560000, 179),
('128', '1', 1, 500000, 180),
('129', '6', 1, 560000, 181),
('129', '1', 1, 500000, 182),
('130', '6', 1, 560000, 183),
('130', '1', 1, 500000, 184),
('131', '6', 1, 560000, 185),
('131', '1', 1, 500000, 186),
('132', '6', 1, 560000, 187),
('132', '1', 1, 500000, 188),
('133', '6', 1, 560000, 189),
('133', '1', 1, 500000, 190),
('134', '6', 1, 560000, 191),
('134', '1', 1, 500000, 192),
('135', '6', 1, 560000, 193),
('135', '1', 1, 500000, 194);

-- --------------------------------------------------------

--
-- Cấu trúc bảng cho bảng `danh_muc`
--

CREATE TABLE `danh_muc` (
  `id_dm` int(11) NOT NULL,
  `ten_dm` varchar(50) NOT NULL
) ENGINE=InnoDB DEFAULT CHARSET=utf8mb4;

--
-- Đang đổ dữ liệu cho bảng `danh_muc`
--

INSERT INTO `danh_muc` (`id_dm`, `ten_dm`) VALUES
(1, 'Phụ kiện'),
(2, 'Thời trang nữ'),
(3, 'Thời trang nam');

-- --------------------------------------------------------

--
-- Cấu trúc bảng cho bảng `hoa_don`
--

CREATE TABLE `hoa_don` (
  `id_hd` int(11) NOT NULL,
  `ngay_hd` date NOT NULL,
  `id_kh` varchar(5) NOT NULL,
  `gia_tien` double NOT NULL,
  `thanh_toan` varchar(100) NOT NULL DEFAULT 'Tiền mặt',
  `tinh_trang` int(11) NOT NULL DEFAULT 1,
  `id_nd` int(11) NOT NULL
) ENGINE=InnoDB DEFAULT CHARSET=utf8mb4;

--
-- Đang đổ dữ liệu cho bảng `hoa_don`
--

INSERT INTO `hoa_don` (`id_hd`, `ngay_hd`, `id_kh`, `gia_tien`, `thanh_toan`, `tinh_trang`, `id_nd`) VALUES
(2, '0000-00-00', '8', 2, '1', 1, 0),
(3, '2022-11-21', '9', 3260000, '2', 1, 0),
(4, '2022-11-21', '10', 3260000, '2', 1, 0),
(5, '2022-11-21', '11', 3260000, '2', 1, 0),
(6, '2022-11-21', '12', 3760000, '1', 1, 0),
(7, '2022-11-21', '13', 3760000, '1', 1, 0),
(8, '2022-11-21', '14', 1500000, '2', 1, 0),
(9, '2022-11-21', '15', 1500000, '2', 1, 0),
(10, '2022-11-21', '16', 2190000, '3', 1, 0),
(11, '2022-11-21', '17', 3340000, '1', 1, 0),
(12, '2022-11-21', '18', 1680000, '1', 1, 0),
(13, '2022-11-22', '19', 690000, '1', 1, 0),
(14, '2022-11-22', '20', 2500000, '1', 0, 0),
(15, '2022-11-26', '21', 1710000, '2', 2, 0),
(16, '2022-11-26', '22', 560000, '1', 1, 0),
(17, '2022-11-26', '23', 560000, '1', 1, 0),
(18, '2022-11-26', '24', 560000, '1', 1, 0),
(19, '2022-11-26', '25', 560000, '1', 1, 0),
(20, '2022-11-26', '26', 560000, '1', 1, 0),
(21, '2022-11-26', '27', 560000, '1', 1, 0),
(22, '2022-11-26', '28', 560000, '1', 1, 0),
(23, '2022-11-26', '29', 560000, '1', 1, 0),
(24, '2022-11-26', '30', 560000, '1', 1, 0),
(25, '2022-11-26', '31', 560000, '1', 1, 0),
(26, '2022-11-26', '32', 560000, '1', 1, 0),
(27, '2022-11-26', '33', 560000, '1', 1, 0),
(28, '2022-11-26', '34', 560000, '1', 1, 0),
(29, '2022-11-26', '35', 560000, '1', 1, 0),
(30, '2022-11-26', '36', 560000, '1', 1, 0),
(31, '2022-11-26', '37', 560000, '1', 1, 0),
(32, '2022-11-26', '38', 790000, '1', 1, 0),
(33, '2022-11-27', '39', 1120000, '3', 1, 0),
(34, '2022-11-27', '40', 0, '3', 1, 0),
(35, '2022-11-27', '41', 0, '3', 1, 0),
(36, '2022-11-27', '42', 0, '3', 1, 0),
(37, '2022-11-27', '43', 0, '3', 1, 0),
(38, '2022-11-27', '44', 0, '3', 1, 0),
(39, '2022-11-27', '45', 0, '3', 1, 0),
(40, '2022-11-27', '46', 560000, '1', 1, 0),
(41, '2022-11-27', '47', 560000, '1', 1, 0),
(42, '2022-11-27', '48', 560000, '1', 1, 0),
(43, '2022-11-27', '49', 0, '1', 1, 0),
(44, '2022-11-27', '50', 560000, '1', 1, 0),
(45, '2022-11-27', '51', 560000, '1', 1, 0),
(46, '2022-11-27', '52', 560000, '1', 1, 0),
(47, '2022-11-27', '53', 560000, '1', 1, 0),
(48, '2022-11-27', '54', 560000, '1', 1, 0),
(49, '2022-11-27', '55', 560000, '1', 1, 0),
(50, '2022-11-27', '56', 560000, '1', 1, 0),
(51, '2022-11-27', '57', 560000, '1', 1, 0),
(52, '2022-11-27', '58', 560000, '1', 1, 0),
(53, '2022-11-27', '59', 560000, '1', 1, 0),
(54, '2022-11-27', '60', 560000, '1', 1, 0),
(55, '2022-11-27', '61', 560000, '1', 1, 0),
(56, '2022-11-27', '62', 560000, '1', 1, 0),
(57, '2022-11-27', '63', 560000, '1', 1, 0),
(58, '2022-11-27', '64', 560000, '1', 1, 0),
(59, '2022-11-27', '65', 560000, '1', 1, 0),
(60, '2022-11-27', '66', 560000, '1', 1, 0),
(61, '2022-11-27', '67', 560000, '1', 1, 0),
(62, '2022-11-27', '68', 560000, '1', 1, 0),
(63, '2022-11-27', '69', 560000, '1', 1, 0),
(64, '2022-11-27', '70', 560000, '1', 1, 0),
(65, '2022-11-27', '71', 560000, '1', 1, 0),
(66, '2022-11-27', '72', 560000, '1', 1, 0),
(67, '2022-11-27', '73', 560000, '1', 1, 0),
(68, '2022-11-27', '74', 560000, '1', 1, 0),
(69, '2022-11-27', '75', 560000, '1', 1, 0),
(70, '2022-11-27', '76', 1060000, '1', 1, 0),
(71, '2022-11-27', '77', 1060000, '1', 1, 0),
(72, '2022-11-27', '78', 1060000, '1', 1, 0),
(73, '2022-11-27', '79', 1060000, '1', 1, 0),
(74, '2022-11-27', '80', 1060000, '1', 1, 0),
(75, '2022-11-27', '81', 1060000, '1', 1, 0),
(76, '2022-11-27', '82', 1060000, '1', 1, 0),
(77, '2022-11-27', '83', 1060000, '1', 1, 0),
(78, '2022-11-27', '84', 1060000, '1', 1, 0),
(79, '2022-11-27', '85', 1060000, '1', 1, 0),
(80, '2022-11-27', '86', 1060000, '1', 1, 0),
(81, '2022-11-27', '87', 1060000, '1', 1, 0),
(82, '2022-11-27', '88', 1060000, '1', 1, 0),
(83, '2022-11-27', '89', 1060000, '1', 1, 0),
(84, '2022-11-27', '90', 1060000, '1', 1, 0),
(85, '2022-11-27', '91', 1060000, '1', 1, 0),
(86, '2022-11-27', '92', 1060000, '1', 1, 0),
(87, '2022-11-27', '93', 1060000, '1', 1, 0),
(88, '2022-11-27', '94', 1060000, '1', 1, 0),
(89, '2022-11-27', '95', 1060000, '1', 1, 0),
(90, '2022-11-27', '96', 1060000, '1', 1, 0),
(91, '2022-11-27', '97', 1060000, '1', 1, 0),
(92, '2022-11-27', '98', 1060000, '1', 1, 0),
(93, '2022-11-27', '99', 1060000, '1', 1, 0),
(94, '2022-11-27', '100', 1060000, '1', 1, 0),
(95, '2022-11-27', '101', 1060000, '1', 1, 0),
(96, '2022-11-27', '102', 1060000, '1', 1, 0),
(97, '2022-11-27', '103', 1060000, '1', 1, 0),
(98, '2022-11-27', '104', 1060000, '1', 1, 0),
(99, '2022-11-27', '105', 1060000, '1', 1, 0),
(100, '2022-11-27', '106', 1060000, '1', 1, 0),
(101, '2022-11-27', '107', 1060000, '1', 1, 0),
(102, '2022-11-27', '108', 1060000, '1', 1, 0),
(103, '2022-11-27', '109', 1060000, '1', 1, 0),
(104, '2022-11-27', '110', 1060000, '1', 1, 0),
(105, '2022-11-27', '111', 1060000, '1', 1, 0),
(106, '2022-11-27', '112', 1060000, '1', 1, 0),
(107, '2022-11-27', '113', 1060000, '1', 1, 0),
(108, '2022-11-27', '114', 1060000, '1', 1, 0),
(109, '2022-11-27', '115', 1060000, '1', 1, 0),
(110, '2022-11-27', '116', 1060000, '1', 1, 0),
(111, '2022-11-27', '117', 1060000, '1', 1, 0),
(112, '2022-11-27', '118', 1060000, '1', 1, 0),
(113, '2022-11-27', '119', 1060000, '1', 1, 0),
(114, '2022-11-27', '120', 1060000, '1', 1, 0),
(115, '2022-11-27', '121', 1060000, '1', 1, 0),
(116, '2022-11-27', '122', 1060000, '1', 1, 0),
(117, '2022-11-27', '123', 1060000, '1', 1, 0),
(118, '2022-11-27', '124', 1060000, '1', 1, 0),
(119, '2022-11-27', '125', 1060000, '1', 1, 0),
(120, '2022-11-27', '126', 1060000, '1', 1, 0),
(121, '2022-11-27', '127', 1060000, '1', 1, 0),
(122, '2022-11-27', '128', 1060000, '1', 1, 0),
(123, '2022-11-27', '129', 1060000, '1', 1, 0),
(124, '2022-11-27', '130', 1060000, '1', 1, 0),
(125, '2022-11-27', '131', 1060000, '1', 1, 0),
(126, '2022-11-27', '132', 1060000, '1', 1, 0),
(127, '2022-11-27', '133', 1060000, '1', 1, 0),
(128, '2022-11-27', '134', 1060000, '1', 1, 0),
(129, '2022-11-27', '135', 1060000, '1', 1, 0),
(130, '2022-11-27', '136', 1060000, '1', 1, 0),
(131, '2022-11-27', '137', 1060000, '1', 1, 0),
(132, '2022-11-27', '138', 1060000, '1', 1, 0),
(133, '2022-11-27', '139', 1060000, '1', 1, 0),
(134, '2022-11-27', '140', 1060000, '1', 1, 0),
(135, '2022-11-27', '141', 1060000, '1', 1, 0);

-- --------------------------------------------------------

--
-- Cấu trúc bảng cho bảng `khach_hang`
--

CREATE TABLE `khach_hang` (
  `id_kh` int(11) NOT NULL,
  `ten_kh` varchar(100) NOT NULL,
  `gioi_tinh` tinyint(1) NOT NULL,
  `ngay_sinh` date NOT NULL,
  `dia_chi` varchar(200) NOT NULL,
  `sdt` varchar(20) NOT NULL,
  `email` varchar(100) NOT NULL,
  `ghi_chu` varchar(200) NOT NULL
) ENGINE=InnoDB DEFAULT CHARSET=utf8mb4;

--
-- Đang đổ dữ liệu cho bảng `khach_hang`
--

INSERT INTO `khach_hang` (`id_kh`, `ten_kh`, `gioi_tinh`, `ngay_sinh`, `dia_chi`, `sdt`, `email`, `ghi_chu`) VALUES
(3, 'Phạm Anh Tuấn', 0, '2003-03-28', 'Hà Nội', '0987957355', 'tuanpaph20520@fpt.edu.vn', 'tuanpaph20520@fpt.edu.vn'),
(4, 'Tuấn', 0, '0000-00-00', 'Hà nội', '0987957355', 'tuan@gmail.com', ''),
(5, 'Tuấn kkk', 0, '2022-11-10', 'Tuyên quang', '0987957355', 'tuan@gmail.com', ''),
(6, 'Tuấn kkk', 0, '2022-11-10', 'Tuyên quang', '0987957355', 'tuan@gmail.com', ''),
(7, 'Tuấn kkk', 0, '2022-11-10', 'Tuyên quang', '0987957355', 'tuan@gmail.com', ''),
(8, 'Tuấn kkk', 0, '2022-11-10', 'Tuyên quang', '0987957355', 'tuan@gmail.com', ''),
(9, 'Tuấn', 0, '2022-11-08', 'tuyên', '0987957355', 'tuan@gmail.com', ''),
(10, 'Tuấn', 0, '2022-11-08', 'tuyên', '0987957355', 'tuan@gmail.com', ''),
(11, 'Tuấn', 0, '2022-11-08', 'tuyên', '0987957355', 'tuan@gmail.com', ''),
(12, 'Tuấn', 0, '2022-11-25', 'bhbad', '0987957355', 'tuan@gmail.com', ''),
(13, 'Tuấn', 0, '2022-11-25', 'bhbad', '0987957355', 'tuan@gmail.com', ''),
(14, 'Phạm Anh Tuấn', 0, '2022-11-16', 'tuyên quang', '0987957355', 'tuanpa@fpt.edu.vn', 'hihiihi'),
(15, 'Phạm Anh Tuấn', 0, '2022-11-16', 'tuyên quang', '0987957355', 'tuanpa@fpt.edu.vn', 'hihiihi'),
(16, 'Phạm Anh Tuấn', 0, '2022-12-02', 'llllll', '0987957355', 'tuanpa@fpt.edu.vn', ''),
(17, 'Phạm Anh Tuấn', 0, '0000-00-00', '', '', 'tuanpa@fpt.edu.vn', ''),
(18, 'Tuấn', 0, '0000-00-00', '', '', 'tuan@gmail.com', ''),
(19, 'Phạm Anh Tuấn', 0, '2022-11-19', 'Hà nội', '0987957355', 'tuanpa@fpt.edu.vn', 'hihi'),
(20, 'Tuấn', 0, '0000-00-00', '', '', 'tuan@gmail.com', ''),
(21, 'Tuấn', 0, '0000-00-00', '', '', 'tuan@gmail.com', ''),
(22, 'Phạm Anh Tuấn', 0, '0000-00-00', '', '', 'tuanpa@fpt.edu.vn', ''),
(23, 'Phạm Anh Tuấn', 0, '0000-00-00', '', '', 'tuanpa@fpt.edu.vn', ''),
(24, 'Phạm Anh Tuấn', 0, '0000-00-00', '', '', 'tuanpa@fpt.edu.vn', ''),
(25, 'Phạm Anh Tuấn', 0, '0000-00-00', '', '', 'tuanpa@fpt.edu.vn', ''),
(26, 'Phạm Anh Tuấn', 0, '0000-00-00', '', '', 'tuanpa@fpt.edu.vn', ''),
(27, 'Phạm Anh Tuấn', 0, '0000-00-00', '', '', 'tuanpa@fpt.edu.vn', ''),
(28, 'Phạm Anh Tuấn', 0, '0000-00-00', '', '', 'tuanpa@fpt.edu.vn', ''),
(29, 'Phạm Anh Tuấn', 0, '0000-00-00', '', '', 'tuanpa@fpt.edu.vn', ''),
(30, 'Phạm Anh Tuấn', 0, '0000-00-00', '', '', 'tuanpa@fpt.edu.vn', ''),
(31, 'Phạm Anh Tuấn', 0, '0000-00-00', '', '', 'tuanpa@fpt.edu.vn', ''),
(32, 'Phạm Anh Tuấn', 0, '0000-00-00', '', '', 'tuanpa@fpt.edu.vn', ''),
(33, 'Phạm Anh Tuấn', 0, '0000-00-00', '', '', 'tuanpa@fpt.edu.vn', ''),
(34, 'Phạm Anh Tuấn', 0, '0000-00-00', '', '', 'tuanpa@fpt.edu.vn', ''),
(35, 'Phạm Anh Tuấn', 0, '0000-00-00', '', '', 'tuanpa@fpt.edu.vn', ''),
(36, 'Tuấn', 0, '0000-00-00', '', '', 'tuan@gmail.com', ''),
(37, 'Phạm Anh Tuấn', 0, '0000-00-00', '', '', 'tuanpa@fpt.edu.vn', ''),
(38, 'Phạm Anh Tuấn', 0, '0000-00-00', '', '', 'tuanpa@fpt.edu.vn', ''),
(39, 'Phạm Anh Tuấn', 0, '0000-00-00', '', '', 'tuanpa@fpt.edu.vn', ''),
(40, 'Phạm Anh Tuấn', 0, '0000-00-00', '', '', 'tuanpa@fpt.edu.vn', ''),
(41, 'Phạm Anh Tuấn', 0, '0000-00-00', '', '', 'tuanpa@fpt.edu.vn', ''),
(42, 'Phạm Anh Tuấn', 0, '0000-00-00', '', '', 'tuanpa@fpt.edu.vn', ''),
(43, 'Phạm Anh Tuấn', 0, '0000-00-00', '', '', 'tuanpa@fpt.edu.vn', ''),
(44, 'Phạm Anh Tuấn', 0, '0000-00-00', '', '', 'tuanpa@fpt.edu.vn', ''),
(45, 'Phạm Anh Tuấn', 0, '0000-00-00', '', '', 'tuanpa@fpt.edu.vn', ''),
(46, 'Phạm Anh Tuấn', 0, '0000-00-00', '', '', 'tuanpa@fpt.edu.vn', ''),
(47, 'Phạm Anh Tuấn', 0, '0000-00-00', '', '', 'tuanpa@fpt.edu.vn', ''),
(48, 'Phạm Anh Tuấn', 0, '0000-00-00', '', '', 'tuanpa@fpt.edu.vn', ''),
(49, 'Phạm Anh Tuấn', 0, '0000-00-00', '', '', 'tuanpa@fpt.edu.vn', ''),
(50, 'Phạm Anh Tuấn', 0, '0000-00-00', '', '', 'tuanpa@fpt.edu.vn', ''),
(51, 'Phạm Anh Tuấn', 0, '0000-00-00', '', '', 'tuanpa@fpt.edu.vn', ''),
(52, 'Phạm Anh Tuấn', 0, '0000-00-00', '', '', 'tuanpa@fpt.edu.vn', ''),
(53, 'Phạm Anh Tuấn', 0, '0000-00-00', '', '', 'tuanpa@fpt.edu.vn', ''),
(54, 'Phạm Anh Tuấn', 0, '0000-00-00', '', '', 'tuanpa@fpt.edu.vn', ''),
(55, 'Phạm Anh Tuấn', 0, '0000-00-00', '', '', 'tuanpa@fpt.edu.vn', ''),
(56, 'Phạm Anh Tuấn', 0, '0000-00-00', '', '', 'tuanpa@fpt.edu.vn', ''),
(57, 'Phạm Anh Tuấn', 0, '0000-00-00', '', '', 'tuanpa@fpt.edu.vn', ''),
(58, 'Phạm Anh Tuấn', 0, '0000-00-00', '', '', 'tuanpa@fpt.edu.vn', ''),
(59, 'Phạm Anh Tuấn', 0, '0000-00-00', '', '', 'tuanpa@fpt.edu.vn', ''),
(60, 'Phạm Anh Tuấn', 0, '0000-00-00', '', '', 'tuanpa@fpt.edu.vn', ''),
(61, 'Phạm Anh Tuấn', 0, '0000-00-00', '', '', 'tuanpa@fpt.edu.vn', ''),
(62, 'Phạm Anh Tuấn', 0, '0000-00-00', '', '', 'tuanpa@fpt.edu.vn', ''),
(63, 'Phạm Anh Tuấn', 0, '0000-00-00', '', '', 'tuanpa@fpt.edu.vn', ''),
(64, 'Phạm Anh Tuấn', 0, '0000-00-00', '', '', 'tuanpa@fpt.edu.vn', ''),
(65, 'Phạm Anh Tuấn', 0, '0000-00-00', '', '', 'tuanpa@fpt.edu.vn', ''),
(66, 'Phạm Anh Tuấn', 0, '0000-00-00', '', '', 'tuanpa@fpt.edu.vn', ''),
(67, 'Phạm Anh Tuấn', 0, '0000-00-00', '', '', 'tuanpa@fpt.edu.vn', ''),
(68, 'Phạm Anh Tuấn', 0, '0000-00-00', '', '', 'tuanpa@fpt.edu.vn', ''),
(69, 'Phạm Anh Tuấn', 0, '0000-00-00', '', '', 'tuanpa@fpt.edu.vn', ''),
(70, 'Phạm Anh Tuấn', 0, '0000-00-00', '', '', 'tuanpa@fpt.edu.vn', ''),
(71, 'Phạm Anh Tuấn', 0, '0000-00-00', '', '', 'tuanpa@fpt.edu.vn', ''),
(72, 'Phạm Anh Tuấn', 0, '0000-00-00', '', '', 'tuanpa@fpt.edu.vn', ''),
(73, 'Phạm Anh Tuấn', 0, '0000-00-00', '', '', 'tuanpa@fpt.edu.vn', ''),
(74, 'Phạm Anh Tuấn', 0, '0000-00-00', '', '', 'tuanpa@fpt.edu.vn', ''),
(75, 'Phạm Anh Tuấn', 0, '0000-00-00', '', '', 'tuanpa@fpt.edu.vn', ''),
(76, 'Phạm Anh Tuấn', 0, '2022-12-06', 'Hà Nội', '0987957355', 'tuanpaph20520@fpt.edu.vn', 'đay là ghi chú'),
(77, 'Phạm Anh Tuấn', 0, '0000-00-00', '', '', 'tuanpa@fpt.edu.vn', ''),
(78, 'Phạm Anh Tuấn', 0, '0000-00-00', '', '', 'tuanpa@fpt.edu.vn', ''),
(79, 'Phạm Anh Tuấn', 0, '0000-00-00', '', '', 'tuanpa@fpt.edu.vn', ''),
(80, 'Phạm Anh Tuấn', 0, '0000-00-00', '', '', 'tuanpa@fpt.edu.vn', ''),
(81, 'Phạm Anh Tuấn', 0, '0000-00-00', '', '', 'tuanpa@fpt.edu.vn', ''),
(82, 'Phạm Anh Tuấn', 0, '0000-00-00', '', '', 'tuanpa@fpt.edu.vn', ''),
(83, 'Phạm Anh Tuấn', 0, '0000-00-00', '', '', 'tuanpa@fpt.edu.vn', ''),
(84, 'Phạm Anh Tuấn', 0, '2022-11-11', 'Tuyên Quang', '0987957355', 'tuanpa@fpt.edu.vn', 'áda'),
(85, 'Phạm Anh Tuấn', 0, '2022-11-11', 'Tuyên Quang', '0987957355', 'tuanpa@fpt.edu.vn', 'áda'),
(86, 'Phạm Anh Tuấn', 0, '2022-11-11', 'Tuyên Quang', '0987957355', 'tuanpa@fpt.edu.vn', 'áda'),
(87, 'Phạm Anh Tuấn', 0, '2022-11-11', 'Tuyên Quang', '0987957355', 'tuanpa@fpt.edu.vn', 'áda'),
(88, 'Phạm Anh Tuấn', 0, '2022-11-11', 'Tuyên Quang', '0987957355', 'tuanpa@fpt.edu.vn', 'áda'),
(89, 'Phạm Anh Tuấn', 0, '2022-11-11', 'Tuyên Quang', '0987957355', 'tuanpa@fpt.edu.vn', 'áda'),
(90, 'Phạm Anh Tuấn', 0, '2022-11-11', 'Tuyên Quang', '0987957355', 'tuanpa@fpt.edu.vn', 'áda'),
(91, 'Phạm Anh Tuấn', 0, '2022-11-11', 'Tuyên Quang', '0987957355', 'tuanpa@fpt.edu.vn', 'áda'),
(92, 'Phạm Anh Tuấn', 0, '2022-11-11', 'Tuyên Quang', '0987957355', 'tuanpa@fpt.edu.vn', 'áda'),
(93, 'Phạm Anh Tuấn', 0, '2022-11-11', 'Tuyên Quang', '0987957355', 'tuanpa@fpt.edu.vn', 'áda'),
(94, 'Phạm Anh Tuấn', 0, '2022-11-11', 'Tuyên Quang', '0987957355', 'tuanpa@fpt.edu.vn', 'áda'),
(95, 'Phạm Anh Tuấn', 0, '2022-11-11', 'Tuyên Quang', '0987957355', 'tuanpa@fpt.edu.vn', 'áda'),
(96, 'Phạm Anh Tuấn', 0, '2022-11-11', 'Tuyên Quang', '0987957355', 'tuanpa@fpt.edu.vn', 'áda'),
(97, 'Phạm Anh Tuấn', 0, '2022-11-11', 'Tuyên Quang', '0987957355', 'tuanpa@fpt.edu.vn', 'áda'),
(98, 'Phạm Anh Tuấn', 0, '2022-11-11', 'Tuyên Quang', '0987957355', 'tuanpa@fpt.edu.vn', 'áda'),
(99, 'Phạm Anh Tuấn', 0, '2022-11-11', 'Tuyên Quang', '0987957355', 'tuanpa@fpt.edu.vn', 'áda'),
(100, 'Phạm Anh Tuấn', 0, '2022-11-11', 'Tuyên Quang', '0987957355', 'tuanpa@fpt.edu.vn', 'áda'),
(101, 'Phạm Anh Tuấn', 0, '2022-11-11', 'Tuyên Quang', '0987957355', 'tuanpa@fpt.edu.vn', 'áda'),
(102, 'Phạm Anh Tuấn', 0, '2022-11-11', 'Tuyên Quang', '0987957355', 'tuanpa@fpt.edu.vn', 'áda'),
(103, 'Phạm Anh Tuấn', 0, '2022-11-11', 'Tuyên Quang', '0987957355', 'tuanpa@fpt.edu.vn', 'áda'),
(104, 'Phạm Anh Tuấn', 0, '2022-11-11', 'Tuyên Quang', '0987957355', 'tuanpa@fpt.edu.vn', 'áda'),
(105, 'Phạm Anh Tuấn', 0, '2022-11-11', 'Tuyên Quang', '0987957355', 'tuanpa@fpt.edu.vn', 'áda'),
(106, 'Phạm Anh Tuấn', 0, '2022-11-11', 'Tuyên Quang', '0987957355', 'tuanpa@fpt.edu.vn', 'áda'),
(107, 'Phạm Anh Tuấn', 0, '2022-11-11', 'Tuyên Quang', '0987957355', 'tuanpa@fpt.edu.vn', 'áda'),
(108, 'Phạm Anh Tuấn', 0, '2022-11-11', 'Tuyên Quang', '0987957355', 'tuanpa@fpt.edu.vn', 'áda'),
(109, 'Phạm Anh Tuấn', 0, '2022-11-11', 'Tuyên Quang', '0987957355', 'tuanpa@fpt.edu.vn', 'áda'),
(110, 'Phạm Anh Tuấn', 0, '2022-11-11', 'Tuyên Quang', '0987957355', 'tuanpa@fpt.edu.vn', 'áda'),
(111, 'Phạm Anh Tuấn', 0, '2022-11-11', 'Tuyên Quang', '0987957355', 'tuanpa@fpt.edu.vn', 'áda'),
(112, 'Phạm Anh Tuấn', 0, '2022-11-11', 'Tuyên Quang', '0987957355', 'tuanpa@fpt.edu.vn', 'áda'),
(113, 'Phạm Anh Tuấn', 0, '2022-11-11', 'Tuyên Quang', '0987957355', 'tuanpa@fpt.edu.vn', 'áda'),
(114, 'Phạm Anh Tuấn', 0, '2022-11-11', 'Tuyên Quang', '0987957355', 'tuanpa@fpt.edu.vn', 'áda'),
(115, 'Phạm Anh Tuấn', 0, '2022-11-11', 'Tuyên Quang', '0987957355', 'tuanpa@fpt.edu.vn', 'áda'),
(116, 'Phạm Anh Tuấn', 0, '2022-11-11', 'Tuyên Quang', '0987957355', 'tuanpa@fpt.edu.vn', 'áda'),
(117, 'Phạm Anh Tuấn', 0, '2022-11-11', 'Tuyên Quang', '0987957355', 'tuanpa@fpt.edu.vn', 'áda'),
(118, 'Phạm Anh Tuấn', 0, '2022-11-11', 'Tuyên Quang', '0987957355', 'tuanpa@fpt.edu.vn', 'áda'),
(119, 'Phạm Anh Tuấn', 0, '2022-11-11', 'Tuyên Quang', '0987957355', 'tuanpa@fpt.edu.vn', 'áda'),
(120, 'Phạm Anh Tuấn', 0, '2022-11-11', 'Tuyên Quang', '0987957355', 'tuanpa@fpt.edu.vn', 'áda'),
(121, 'Phạm Anh Tuấn', 0, '2022-11-11', 'Tuyên Quang', '0987957355', 'tuanpa@fpt.edu.vn', 'áda'),
(122, 'Phạm Anh Tuấn', 0, '2022-11-11', 'Tuyên Quang', '0987957355', 'tuanpa@fpt.edu.vn', 'áda'),
(123, 'Phạm Anh Tuấn', 0, '2022-11-11', 'Tuyên Quang', '0987957355', 'tuanpa@fpt.edu.vn', 'áda'),
(124, 'Phạm Anh Tuấn', 0, '2022-11-11', 'Tuyên Quang', '0987957355', 'tuanpa@fpt.edu.vn', 'áda'),
(125, 'Phạm Anh Tuấn', 0, '2022-11-11', 'Tuyên Quang', '0987957355', 'tuanpa@fpt.edu.vn', 'áda'),
(126, 'Phạm Anh Tuấn', 0, '2022-11-11', 'Tuyên Quang', '0987957355', 'tuanpa@fpt.edu.vn', 'áda'),
(127, 'Phạm Anh Tuấn', 0, '2022-11-11', 'Tuyên Quang', '0987957355', 'tuanpa@fpt.edu.vn', 'áda'),
(128, 'Phạm Anh Tuấn', 0, '2022-11-11', 'Tuyên Quang', '0987957355', 'tuanpa@fpt.edu.vn', 'áda'),
(129, 'Phạm Anh Tuấn', 0, '2022-11-11', 'Tuyên Quang', '0987957355', 'tuanpa@fpt.edu.vn', 'áda'),
(130, 'Phạm Anh Tuấn', 0, '2022-11-11', 'Tuyên Quang', '0987957355', 'tuanpa@fpt.edu.vn', 'áda'),
(131, 'Phạm Anh Tuấn', 0, '2022-11-11', 'Tuyên Quang', '0987957355', 'tuanpa@fpt.edu.vn', 'áda'),
(132, 'Phạm Anh Tuấn', 0, '2022-11-11', 'Tuyên Quang', '0987957355', 'tuanpa@fpt.edu.vn', 'áda'),
(133, 'Phạm Anh Tuấn', 0, '2022-11-11', 'Tuyên Quang', '0987957355', 'tuanpa@fpt.edu.vn', 'áda'),
(134, 'Phạm Anh Tuấn', 0, '2022-11-11', 'Tuyên Quang', '0987957355', 'tuanpa@fpt.edu.vn', 'áda'),
(135, 'Phạm Anh Tuấn', 0, '2022-11-11', 'Tuyên Quang', '0987957355', 'tuanpa@fpt.edu.vn', 'áda'),
(136, 'Phạm Anh Tuấn', 0, '2022-11-11', 'Tuyên Quang', '0987957355', 'tuanpa@fpt.edu.vn', 'áda'),
(137, 'Phạm Anh Tuấn', 0, '2022-11-11', 'Tuyên Quang', '0987957355', 'tuanpa@fpt.edu.vn', 'áda'),
(138, 'Phạm Anh Tuấn', 0, '2022-11-11', 'Tuyên Quang', '0987957355', 'tuanpa@fpt.edu.vn', 'áda'),
(139, 'Phạm Anh Tuấn', 0, '2022-11-11', 'Tuyên Quang', '0987957355', 'tuanpa@fpt.edu.vn', 'áda'),
(140, 'Phạm Anh Tuấn', 0, '2022-11-11', 'Tuyên Quang', '0987957355', 'tuanpa@fpt.edu.vn', 'áda'),
(141, 'Phạm Anh Tuấn', 0, '2022-11-11', 'Tuyên Quang', '0987957355', 'tuanpa@fpt.edu.vn', 'áda');

-- --------------------------------------------------------

--
-- Cấu trúc bảng cho bảng `nguoi_dung`
--

CREATE TABLE `nguoi_dung` (
  `id_nd` int(11) NOT NULL,
  `id_vai_tro` tinyint(3) NOT NULL,
  `ho_ten` varchar(100) NOT NULL,
  `ten_dang_nhap` varchar(100) NOT NULL,
  `mat_khau` varchar(100) NOT NULL,
  `email` varchar(100) DEFAULT NULL,
  `ngay_dang_ky` date NOT NULL
) ENGINE=InnoDB DEFAULT CHARSET=utf8mb4;

--
-- Đang đổ dữ liệu cho bảng `nguoi_dung`
--

INSERT INTO `nguoi_dung` (`id_nd`, `id_vai_tro`, `ho_ten`, `ten_dang_nhap`, `mat_khau`, `email`, `ngay_dang_ky`) VALUES
(1, 1, 'Phạm Anh Tuấn', 'Tuấn cute', 'admin', 'tuanpa@fpt.edu.vn', '2022-11-17'),
(2, 0, 'Tuấn', 'admin', 'admin', 'tuan@gmail.com', '2022-11-18'),
(14, 0, 'Tĩnh', 'tinh', 'admin', 'tinh@gmail.com', '2022-11-19'),
(15, 0, 'Tĩnh', 'tinh', 'admin', 'tinh@gmail.com', '2022-11-19');

-- --------------------------------------------------------

--
-- Cấu trúc bảng cho bảng `san_pham`
--

CREATE TABLE `san_pham` (
  `id_sp` int(11) NOT NULL,
  `ten_sp` varchar(100) NOT NULL,
  `mo_ta` text DEFAULT NULL,
  `don_gia` int(11) NOT NULL DEFAULT 0,
  `hinh` varchar(200) DEFAULT NULL,
  `san_pham_moi` tinyint(1) NOT NULL DEFAULT 0,
  `ngay_tao` date NOT NULL,
  `id_dm` int(11) NOT NULL
) ENGINE=InnoDB DEFAULT CHARSET=utf8mb4;

--
-- Đang đổ dữ liệu cho bảng `san_pham`
--

INSERT INTO `san_pham` (`id_sp`, `ten_sp`, `mo_ta`, `don_gia`, `hinh`, `san_pham_moi`, `ngay_tao`, `id_dm`) VALUES
(1, 'Áo đen', 'Áo này đẹp lắm kkk', 500000, 'apro13-1-270x350.jpg', 0, '2022-11-16', 2),
(6, 'Áo hoodieeee', 'Áo này ấm vl luôn', 560000, 'apro161-1-90x90.jpg', 0, '2022-11-19', 2),
(7, 'Áo màu trắng', 'Áo này dày vl luônnnn', 390000, 'apro51012-1-90x90.jpg', 0, '2022-11-19', 2),
(12, 'Kínhjhh', 'sdbabsdjasd', 230000, 'is_main9.jpg', 0, '2022-11-19', 1);

-- --------------------------------------------------------

--
-- Cấu trúc bảng cho bảng `vai_tro`
--

CREATE TABLE `vai_tro` (
  `id_vai_tro` tinyint(3) NOT NULL,
  `vai_tro` varchar(100) NOT NULL
) ENGINE=InnoDB DEFAULT CHARSET=utf8mb4;

--
-- Đang đổ dữ liệu cho bảng `vai_tro`
--

INSERT INTO `vai_tro` (`id_vai_tro`, `vai_tro`) VALUES
(0, 'Khách hàng'),
(1, 'Admin');

--
-- Chỉ mục cho các bảng đã đổ
--

--
-- Chỉ mục cho bảng `banner`
--
ALTER TABLE `banner`
  ADD PRIMARY KEY (`id`);

--
-- Chỉ mục cho bảng `binh_luan`
--
ALTER TABLE `binh_luan`
  ADD PRIMARY KEY (`id_bl`);

--
-- Chỉ mục cho bảng `ct_hoa_don`
--
ALTER TABLE `ct_hoa_don`
  ADD PRIMARY KEY (`stt`);

--
-- Chỉ mục cho bảng `danh_muc`
--
ALTER TABLE `danh_muc`
  ADD PRIMARY KEY (`id_dm`);

--
-- Chỉ mục cho bảng `hoa_don`
--
ALTER TABLE `hoa_don`
  ADD PRIMARY KEY (`id_hd`);

--
-- Chỉ mục cho bảng `khach_hang`
--
ALTER TABLE `khach_hang`
  ADD PRIMARY KEY (`id_kh`);

--
-- Chỉ mục cho bảng `nguoi_dung`
--
ALTER TABLE `nguoi_dung`
  ADD PRIMARY KEY (`id_nd`);

--
-- Chỉ mục cho bảng `san_pham`
--
ALTER TABLE `san_pham`
  ADD PRIMARY KEY (`id_sp`);

--
-- Chỉ mục cho bảng `vai_tro`
--
ALTER TABLE `vai_tro`
  ADD PRIMARY KEY (`id_vai_tro`);

--
-- AUTO_INCREMENT cho các bảng đã đổ
--

--
-- AUTO_INCREMENT cho bảng `banner`
--
ALTER TABLE `banner`
  MODIFY `id` int(11) NOT NULL AUTO_INCREMENT;

--
-- AUTO_INCREMENT cho bảng `binh_luan`
--
ALTER TABLE `binh_luan`
  MODIFY `id_bl` int(11) NOT NULL AUTO_INCREMENT;

--
-- AUTO_INCREMENT cho bảng `ct_hoa_don`
--
ALTER TABLE `ct_hoa_don`
  MODIFY `stt` int(11) NOT NULL AUTO_INCREMENT, AUTO_INCREMENT=195;

--
-- AUTO_INCREMENT cho bảng `danh_muc`
--
ALTER TABLE `danh_muc`
  MODIFY `id_dm` int(11) NOT NULL AUTO_INCREMENT, AUTO_INCREMENT=19;

--
-- AUTO_INCREMENT cho bảng `hoa_don`
--
ALTER TABLE `hoa_don`
  MODIFY `id_hd` int(11) NOT NULL AUTO_INCREMENT, AUTO_INCREMENT=136;

--
-- AUTO_INCREMENT cho bảng `khach_hang`
--
ALTER TABLE `khach_hang`
  MODIFY `id_kh` int(11) NOT NULL AUTO_INCREMENT, AUTO_INCREMENT=142;

--
-- AUTO_INCREMENT cho bảng `nguoi_dung`
--
ALTER TABLE `nguoi_dung`
  MODIFY `id_nd` int(11) NOT NULL AUTO_INCREMENT, AUTO_INCREMENT=16;

--
-- AUTO_INCREMENT cho bảng `san_pham`
--
ALTER TABLE `san_pham`
  MODIFY `id_sp` int(11) NOT NULL AUTO_INCREMENT, AUTO_INCREMENT=13;

--
-- AUTO_INCREMENT cho bảng `vai_tro`
--
ALTER TABLE `vai_tro`
  MODIFY `id_vai_tro` tinyint(3) NOT NULL AUTO_INCREMENT, AUTO_INCREMENT=5;
COMMIT;

/*!40101 SET CHARACTER_SET_CLIENT=@OLD_CHARACTER_SET_CLIENT */;
/*!40101 SET CHARACTER_SET_RESULTS=@OLD_CHARACTER_SET_RESULTS */;
/*!40101 SET COLLATION_CONNECTION=@OLD_COLLATION_CONNECTION */;
